contestant,age,city,state_abbr,season.x,finish,tribalChallengeWins,individualChallengeWins,totalWins,daysLasted,votesAgainst,gender,occupation,season_number,idols_found,idols_played
Sonja Christopher,63,Walnut Creek,CA,Borneo,16,0,NA,0,3,4,Female,Musician,1,NA,NA
B.B. Andersen,64,Mission Hills,KS,Borneo,15,2,NA,2,6,6,Male,Real Estate Developer,1,NA,NA
Stacey Stillman,27,San Francisco,CA,Borneo,14,2,NA,2,9,6,Female,Attorney,1,NA,NA
Ramona Gray,28,Edison,NJ,Borneo,13,3,NA,3,12,6,Female,Biochemist/Chemist,1,NA,NA
Dirk Been,23,Spring Green,WI,Borneo,12,4,NA,4,15,4,Male,Dairy Farmer,1,NA,NA
Joel Klug,27,Sherwood,AR,Borneo,11,6,NA,6,18,4,Male,Health Club Consultant,1,NA,NA
Gretchen Cordy,38,Clarksville,TN,Borneo,10,6,0,6,21,4,Female,Teacher,1,NA,NA
Greg Buis,24,Gold Hill,CO,Borneo,9,6,2,8,24,6,Male,Ivy League Graduate,1,NA,NA
Jenna Lewis,22,Franklin,NH,Borneo,8,6,0,6,27,11,Female,Student,1,NA,NA
Gervase Peterson,30,Willingboro,NJ,Borneo,7,6,2,8,30,6,Male,YMCA Basketball Coach; Cigar Lounge Owner,1,NA,NA
Colleen Haskell,23,Miami Beach,FL,Borneo,6,6,1,7,33,7,Female,Student,1,NA,NA
Sean Kenniff,30,Carle Place,NY,Borneo,5,5,1,6,36,9,Male,Doctor,1,NA,NA
Susan Hawk,38,Palmyra,WI,Borneo,4,5,0,5,37,7,Female,Truck Driver,1,NA,NA
Rudy Boesch,72,Virginia Beach,VA,Borneo,3rd,5,1,6,38,8,Male,Retired Navy SEAL,1,NA,NA
Kelly Wiglesworth,22,Kernville,NV,Borneo,2,5,5,10,39,0,Female,River Guide,1,NA,NA
Richard Hatch,39,Newport,RI,Borneo,1,5,1,6,39,6,Male,Corporate Trainer,1,NA,NA
Debb Eaton,45,Milan,NH,The Australian Outback,16,0,NA,0,3,7,Female,Corrections Officer,2,NA,NA
Kel Gleason,32,Ford Hood,TX,The Australian Outback,15,2,NA,2,6,7,Male,Army Intelligence Officer,2,NA,NA
Maralyn Hershey,51,Wakefield,VA,The Australian Outback,14,3,NA,3,9,5,Female,Retired Police Officer,2,NA,NA
Mitchell Olson,23,Union City,NJ,The Australian Outback,13,3,NA,3,12,6,Male,Singer/Songwriter,2,NA,NA
Kimmi Kappenberg,27,Ronkonkoma,NY,The Australian Outback,12,5,NA,5,15,6,Female,Bartender,2,NA,NA
Michael Skupin,38,White Lake,MI,The Australian Outback,11,6,NA,6,17,0,Male,Software Publisher; Part-Time Professional Speaker,2,NA,NA
Jeff Varner,34,New York City,NY,The Australian Outback,10,6,0,6,21,11,Male,Internet Projects Manager,2,NA,NA
Alicia Calaway,32,New York City,NY,The Australian Outback,9,6,0,6,24,5,Female,Personal Trainer,2,NA,NA
Jerri Manthey,30,Los Angeles,CA,The Australian Outback,8,4,2,6,27,12,Female,Aspiring Actress,2,NA,NA
Nick Brown,23,Steilacoom,WA,The Australian Outback,7,6,1,7,30,4,Male,Harvard Law Student,2,NA,NA
Amber Brkich,22,Beaver,PA,The Australian Outback,6,4,0,4,33,6,Female,Administrative Assistant,2,NA,NA
Rodger Bingham,53,Crittenden,KY,The Australian Outback,5,6,0,6,36,5,Male,Teacher/Farmer,2,NA,NA
Elisabeth Filarski,23,Newton,MA,The Australian Outback,4,6,0,6,39,5,Female,Footwear Designer,2,NA,NA
Keith Famie,40,West Bloomfield,MI,The Australian Outback,3rd,4,2,6,41,10,Male,Chef,2,NA,NA
Colby Donaldson,26,Dallas,TX,The Australian Outback,2,4,8,12,42,9,Male,Auto Customizer,2,NA,NA
Tina Wesson,39,Knoxville,TN,The Australian Outback,1,4,1,5,42,0,Female,Personal Nurse; Motivational Speaker,2,NA,NA
Diane Ogden,42,Lincoln,NE,Africa,16,0,NA,0,3,6,Female,U.S. Mail Carrier,3,NA,NA
Jessie Camacho,27,Orlando,FL,Africa,15,0,NA,0,6,5,Female,Deputy Sheriff,3,NA,NA
Carl Bilancione,46,Winter Springs,FL,Africa,14,3,NA,3,9,7,Male,Dentist,3,NA,NA
Linda Spencer,44,Boston,MA,Africa,13,4,NA,4,12,4,Female,Career Counselor,3,NA,NA
Silas Gaither,23,Los Angeles,CA,Africa,12,5,NA,5,15,8,Male,Bartender,3,NA,NA
Lindsey Richter,26,Portland,OR,Africa,11,6,NA,6,18,12,Female,Advertising Executive,3,NA,NA
Clarence Black,24,Detroit,MI,Africa,10,5,0,5,21,12,Male,Basketball Coach,3,NA,NA
Kelly Goldsmith,22,San Diego,CA,Africa,9,5,0,5,24,5,Female,Behavioral Research Analyst,3,NA,NA
Brandon Quinton,25,Dallas,TX,Africa,8,6,1,7,27,6,Male,Bartender,3,NA,NA
Frank Garrison,43,Odessa,NY,Africa,7,6,1,7,30,9,Male,Telephone Technician,3,NA,NA
Kim Powers,29,Conshohocken,PA,Africa,6,6,0,6,33,4,Female,Freelance Marketer,3,NA,NA
Teresa Cooper,42,Jackson,GA,Africa,5,6,1,7,36,4,Female,Flight Attendant,3,NA,NA
Tom Buchanan,45,Rich Valley,VA,Africa,4,5,1,6,37,9,Male,Goat Farmer,3,NA,NA
Lex van den Berghe,38,Santa Cruz,CA,Africa,3rd,5,5,10,38,10,Male,Marketing Manager,3,NA,NA
Kim Johnson,56,Oyster Bay,NY,Africa,2,5,2,7,39,1,Female,Retired Teacher,3,NA,NA
Ethan Zohn,27,New York City,NY,Africa,1,5,2,7,39,0,Male,Professional Soccer Player,3,NA,NA
Peter Harkey,45,Millis,MA,Marquesas,16,0,NA,0,3,5,Male,Bowling Alley Owner,4,NA,NA
Patricia Jackson,49,Lugoff,SC,Marquesas,15,0,NA,0,6,5,Female,Truck Assembler,4,NA,NA
Hunter Ellis,33,La Jolla,CA,Marquesas,14,0,NA,0,9,4,Male,Former Navy Fighter Pilot,4,NA,NA
Sarah Jones,24,Newport Beach,CA,Marquesas,13,0,NA,0,12,11,Female,Account Manager,4,NA,NA
Gabriel Cade,23,Los Angeles,CA,Marquesas,12,6,NA,6,15,7,Male,Bartender,4,NA,NA
Gina Crews,28,Gainesville,FL,Marquesas,11,3,NA,3,18,3,Female,Nature Guide,4,NA,NA
Rob Mariano,25,Canton,MA,Marquesas,10,2,0,2,21,8,Male,"Construction Worker
Aspiring poker player",4,NA,NA
John Carroll,36,Omaha,NE,Marquesas,9,7,0,7,24,8,Male,Registered Nurse,4,NA,NA
Zoe Zanidakis,35,Monhegan Island,ME,Marquesas,8,7,0,7,27,8,Female,Fishing Boat Captain,4,NA,NA
Tammy Leitner,29,Mesa,AZ,Marquesas,7,7,2,9,30,5,Female,Crime Reporter,4,NA,NA
Robert DeCanio,38,College Point,NY,Marquesas,6,7,1,8,33,6,Male,Limousine Driver,4,NA,NA
Sean Rector,30,Los Angeles,CA,Marquesas,5,2,2,4,36,7,Male,Teacher,4,NA,NA
Paschal English,56,Thomaston,GA,Marquesas,4,8,2,10,37,0,Male,Judge,4,NA,NA
Kathy Vavrick-O'Brien,47,Burlington,VT,Marquesas,3rd,8,4,12,38,5,Female,Real Estate Agent,4,NA,NA
Neleh Dennis,21,Layton,UT,Marquesas,2,8,1,9,39,4,Female,Student,4,NA,NA
Vecepia Towery,36,Hayward,CA,Marquesas,1,2,2,4,39,2,Female,Office Manager,4,NA,NA
John Raymond,40,Slidell,LA,Thailand,16,0,NA,0,3,6,Male,Pastor,5,NA,NA
Tanya Vance,27,Gray,TN,Thailand,15,0,NA,0,6,5,Female,Social Worker,5,NA,NA
Jed Hildebrand,25,Dallas,TX,Thailand,14,3,NA,3,9,5,Male,Dental Student,5,NA,NA
Ghandia Johnson,33,Denver,CO,Thailand,13,2,NA,2,12,5,Female,Legal Secretary,5,NA,NA
Stephanie Dill,29,Fayetteville,AR,Thailand,12,5,NA,5,15,5,Female,Firefighter,5,NA,NA
Robb Zbacnik,23,Scottsdale,AZ,Thailand,11,6,NA,6,18,5,Male,Bartender,5,NA,NA
Shii Ann Huang,28,New York City,NY,Thailand,10,6,NA,6,21,10,Female,Executive Recruiter,5,NA,NA
Erin Collins,26,Austin,TX,Thailand,9,6,NA,6,24,3,Female,Real Estate Agent,5,NA,NA
Ken Stafford,30,Brooklyn,NY,Thailand,8,6,0,6,27,6,Male,NYC Police Officer,5,NA,NA
Penny Ramsey,27,Plano,TX,Thailand,7,6,0,6,30,5,Female,Pharmaceutical Sales,5,NA,NA
Jake Billingsley,60,McKinney,TX,Thailand,6,6,0,6,33,7,Male,Land Broker,5,NA,NA
"Ted Rogers, Jr.",37,Durham,NC,Thailand,5,6,2,8,36,7,Male,Software Development Manager,5,NA,NA
Helen Glover,47,Middletown,RI,Thailand,4,6,2,8,37,5,Female,Navy Swim Instructor,5,NA,NA
Jan Gentry,53,Tampa,FL,Thailand,3rd,6,0,6,38,5,Female,Teacher,5,NA,NA
Clay Jordan,46,Monroe,LA,Thailand,2,6,1,7,39,3,Male,Restaurant Owner,5,NA,NA
Brian Heidik,34,Quartz Hill,CA,Thailand,1,6,5,11,39,0,Male,Used Car Salesman,5,NA,NA
Ryan Aiken,23,Ellicott City,MD,The Amazon,16,0,NA,0,3,4,Male,Model,6,NA,NA
Janet Koth,46,Manchester,MO,The Amazon,15,2,NA,2,6,5,Female,Homemaker,6,NA,NA
Daniel Lue,26,Houston,TX,The Amazon,14,1,NA,1,9,7,Male,Tax Accountant,6,NA,NA
JoAnna Ward,31,Orangeburg,SC,The Amazon,13,4,NA,4,12,4,Female,Guidance Counselor,6,NA,NA
Jeanne Hebert,40,North Attleboro,MA,The Amazon,12,4,NA,4,15,5,Female,Marketing Director,6,NA,NA
Shawna Mitchell,23,Los Angeles,CA,The Amazon,11,5,NA,5,18,6,Female,Retail Saleswoman,6,NA,NA
Roger Sexton,56,Valencia,CA,The Amazon,10,5,0,5,21,11,Male,Construction Company V.P.,6,NA,NA
Dave Johnson,23,Pasadena,CA,The Amazon,9,5,1,6,24,8,Male,Rocket Scientist,6,NA,NA
Deena Bennett,35,Riverside,CA,The Amazon,8,5,1,6,27,6,Female,Deputy District Attorney,6,NA,NA
Alex Bell,32,Los Angeles,CA,The Amazon,7,4,1,5,30,6,Male,Triathlon Coach,6,NA,NA
Christy Smith,24,Basalt,CO,The Amazon,6,6,0,6,33,9,Female,Children's Adventure Guide,6,NA,NA
Heidi Strobel,24,Jefferson City,MO,The Amazon,5,6,0,6,36,3,Female,Gym Teacher,6,NA,NA
Butch Lockley,50,Olney,IL,The Amazon,4,5,0,5,37,5,Male,Principal,6,NA,NA
Rob Cesternino,24,Wantagh,NY,The Amazon,3rd,4,1,5,38,4,Male,Computer Projects Coordinator,6,NA,NA
Matthew von Ertfelda,33,Washington,D.C.,The Amazon,2,4,4,8,39,6,Male,Restaurant Designer,6,NA,NA
Jenna Morasca,21,Bridgeville,PA,The Amazon,1,5,4,9,39,3,Female,Swimsuit Model,6,NA,NA
Nicole Delma,24,Hermosa Beach,CA,Pearl Islands,16,1,NA,1,4,7,Female,Massage Therapist,7,NA,NA
Ryan Shoulders,23,Clarksville,TN,Pearl Islands,15,1,NA,1,7,6,Male,Produce Clerk,7,NA,NA
Michelle Tesauro,22,Washington,D.C.,Pearl Islands,14,7,NA,7,16,6,Female,Student,7,NA,NA
Trish Dunn,42,Annapolis,MD,Pearl Islands,13,8,NA,8,19,4,Female,Sales Executive,7,NA,NA
Shawn Cohen,28,Los Angeles,CA,Pearl Islands,12,7,NA,7,19,5,Male,Advertising Sales,7,NA,NA
Osten Taylor,27,Boston,MA,Pearl Islands,11,4,NA,4,19,2,Male,Equity Trade Manager,7,NA,NA
Andrew Savage,39,Chicago,IL,Pearl Islands,10,4,0,4,21,6,Male,Attorney,7,NA,NA
Ryan Opray,30,Los Gatos,CA,Pearl Islands,9,4,1,5,24,8,Male,Electrician,7,NA,NA
Rupert Boneham,39,Indianapolis,IN,Pearl Islands,8,7,3,10,27,7,Male,Troubled Teens Mentor,7,NA,NA
Tijuana Bradley,26,St. Louis,MO,Pearl Islands,7,4,1,5,30,5,Female,Pharmaceutical Sales,7,NA,NA
Christa Hastie,24,Los Angeles,CA,Pearl Islands,6,7,1,8,33,7,Female,Computer Programmer,7,NA,NA
Burton Roberts,31,San Francisco,CA,Pearl Islands,5,7,5,12,30,10,Male,Marketing Executive,7,NA,NA
Darrah Johnson,22,Liberty,MS,Pearl Islands,4,4,4,8,37,6,Female,Mortician,7,NA,NA
Jon Dalton,29,Los Angeles,CA,Pearl Islands,3rd,7,2,9,38,7,Male,Art Consultant,7,NA,NA
Lillian Morris,51,Loveland,OH,Pearl Islands,2,1,3,4,30,10,Female,Scout Troop Leader,7,NA,NA
Sandra Diaz-Twine,28,Fort Lewis,WA,Pearl Islands,1,7,0,7,39,0,Female,Office Assistant,7,NA,NA
Tina Wesson,42,Knoxville,TN,All-Stars,18,0,NA,0,3,4,Female,Personal Nurse; Motivational Speaker,8,NA,NA
Rudy Boesch,75,Virginia Beach,VA,All-Stars,17,1,NA,1,6,3,Male,Retired Navy SEAL,8,NA,NA
Jenna Morasca,22,Bridgeville,PA,All-Stars,16,3,NA,3,9,NA,Female,Swimsuit Model,8,NA,NA
Rob Cesternino,25,Plainview,NY,All-Stars,15,4,NA,4,12,5,Male,Computer Projects Coordinator,8,NA,NA
Richard Hatch,42,Middletown,RI,All-Stars,14,5,NA,5,15,6,Male,Corporate Trainer,8,NA,NA
Susan Hawk,42,Las Vegas,NV,All-Stars,13,6,NA,6,17,0,Female,Truck Driver,8,NA,NA
Colby Donaldson,29,Dallas,TX,All-Stars,12,6,NA,6,19,4,Male,Auto Customizer,8,NA,NA
Ethan Zohn,30,New York City,NY,All-Stars,11,4,NA,4,21,6,Male,Professional Soccer Player,8,NA,NA
Jerri Manthey,33,Los Angeles,CA,All-Stars,10,4,NA,4,24,7,Female,Aspiring Actress,8,NA,NA
Lex van den Berghe,40,Santa Cruz,CA,All-Stars,9,6,0,6,27,7,Male,Marketing Manager,8,NA,NA
Kathy Vavrick-O'Brien,49,Burlington,VT,All-Stars,8,6,1,7,28,6,Female,Real Estate Agent,8,NA,NA
Alicia Calaway,35,New York City,NY,All-Stars,7,11,1,12,30,7,Female,Personal Trainer,8,NA,NA
Shii Ann Huang,29,New York City,NY,All-Stars,6,6,2,8,33,5,Female,Executive Recruiter,8,NA,NA
Tom Buchanan,48,Rich Valley,VA,All-Stars,5,10,2,12,36,4,Male,Goat Farmer,8,NA,NA
Rupert Boneham,39,Indianapolis,IN,All-Stars,4,8,2,10,37,4,Male,Troubled Teens Mentor,8,NA,NA
Jenna Lewis,26,Burbank,CA,All-Stars,3rd,8,0,8,38,4,Female,Student,8,NA,NA
Rob Mariano,27,Canton,MA,All-Stars,2,10,5,15,39,1,Male,"Construction Worker
Aspiring poker player",8,NA,NA
Amber Brkich,25,Beaver,PA,All-Stars,1,10,2,12,39,6,Female,Administrative Assistant,8,NA,NA
Brook Geraghty,27,Winthrop,MA,Vanuatu,18,0,NA,0,3,5,Male,Document Manager,9,NA,NA
Dolly Neely,25,Mercer,PA,Vanuatu,17,2,NA,2,6,5,Female,Sheep Farmer,9,NA,NA
John Palyok,31,Los Angeles,CA,Vanuatu,16,2,0,2,7,5,Male,Sales Manager,9,NA,NA
Mia Galeotalanza,29,Boston,MA,Vanuatu,15,2,NA,2,7,5,Female,Bookkeeper,9,NA,NA
Brady Finta,33,Huntington Beach,CA,Vanuatu,14,2,0,2,10,6,Male,FBI Agent,9,NA,NA
Travis Sampson,33,Johnson City,TN,Vanuatu,13,2,0,2,12,6,Male,Security Officer,9,NA,NA
Lisa Keiffer,44,Mandeville,LA,Vanuatu,12,4,NA,4,15,4,Female,Real Estate Agent,9,NA,NA
John Kenney,22,Los Angeles,CA,Vanuatu,11,6,1,7,18,5,Male,Mechanical Bull Operator,9,NA,NA
Rory Freeman,35,Des Moines,IA,Vanuatu,10,4,0,4,21,14,Male,Housing Case Manager,9,NA,NA
Lea Masters,40,Columbia,SC,Vanuatu,9,7,1,8,24,7,Male,Drill Sergeant,9,NA,NA
Chad Crittenden,34,Oakland,CA,Vanuatu,8,7,1,8,27,7,Male,Teacher,9,NA,NA
Leann Slaby,35,Kansasville,WI,Vanuatu,7,6,1,7,30,8,Female,Equity Research Assistant,9,NA,NA
Ami Cusack,31,Lakewood,CO,Vanuatu,6,6,4,10,33,8,Female,"Coffee Barista;
Nanny",9,NA,NA
Julie Berry,23,Gorham,ME,Vanuatu,5,9,1,10,36,4,Female,Youth Mentor,9,NA,NA
Eliza Orlins,21,Syracuse,NY,Vanuatu,4,6,4,10,37,9,Female,"Pre-Law Student;
Law School Student",9,NA,NA
Scout Cloud Lee,59,Stillwater,OK,Vanuatu,3rd,6,0,6,38,3,Female,Rancher,9,NA,NA
Twila Tanner,41,Marshall,MO,Vanuatu,2,9,1,10,39,6,Female,Highway Repair Worker,9,NA,NA
Chris Daugherty,33,South Vienna,OH,Vanuatu,1,7,5,12,39,3,Male,Highway Construction Worker,9,NA,NA
Jonathan Libby,23,Dallas,TX,Palau,20,NA,0,0,2,NA,Male,Sales & Marketing Associate,10,NA,NA
Wanda Shirk,55,Ulysses,PA,Palau,19,NA,0,0,2,NA,Female,English Teacher,10,NA,NA
Jolanda Jones,38,Houston,TX,Palau,18,0,1,1,3,6,Female,Lawyer,10,NA,NA
Ashlee Ashby,22,Easley,SC,Palau,17,1,0,1,6,6,Female,Student,10,NA,NA
Jeff Wilson,21,Ventura,CA,Palau,16,2,0,2,8,5,Male,Personal Trainer,10,NA,NA
Kim Mullen,25,Huber Heights,OH,Palau,15,2,0,2,11,8,Female,Graduate Student,10,NA,NA
Willard Smith,56,Bellevue,WA,Palau,14,6,0,6,12,8,Male,Lawyer,10,NA,NA
Angie Jakusz,24,New Orleans,LA,Palau,13,2,0,2,12,8,Female,Bartender,10,NA,NA
James Miller,33,Mobile,AL,Palau,12,3,0,3,15,7,Male,Steelworker,10,NA,NA
Ibrehem Rahman,27,Birmingham,AL,Palau,11,3,0,3,18,4,Male,Waiter,10,NA,NA
Bobby Jon Drinkard,27,Los Angeles,CA,Palau,10,3,0,3,21,2,Male,Waiter,10,NA,NA
Coby Archa,32,Athens,TX,Palau,9,11,0,11,24,7,Male,Hairstylist,10,NA,NA
Janu Tornell,39,Las Vegas,NV,Palau,8,11,1,12,27,1,Female,"Vegas Showgirl
French Teacher",10,NA,NA
Stephenie LaGrossa,24,Tom's River,NJ,Palau,7,3,0,3,30,8,Female,Pharmaceutical Sales Respresentative,10,NA,NA
Gregg Carey,27,Chicago,IL,Palau,6,11,2,13,33,4,Male,Business Consultant,10,NA,NA
Caryn Groedel,46,Solon,OH,Palau,5,11,1,12,36,7,Female,Civil Rights Lawyer,10,NA,NA
Jenn Lyon,32,Encino,CA,Palau,4,11,0,11,37,3,Female,Nanny,10,NA,NA
Ian Rosenberger,23,Ambridge,PA,Palau,3rd,11,4,15,38,5,Male,Dolphin Trainer,10,NA,NA
Katie Gallagher,29,Merced,CA,Palau,2,11,0,11,39,1,Female,Advertising Executive,10,NA,NA
Tom Westman,40,Sayville,NY,Palau,1,11,6,17,39,0,Male,"NYC Firefighter;
Motivational Speaker",10,NA,NA
Jim Lynch,63,Northglenn,CO,Guatemala,18,1,NA,1,3,8,Male,Retired Fire Captain,11,NA,NA
Morgan McDevitt,21,Decatur,IL,Guatemala,17,1,NA,1,6,8,Female,Magician's Assistant,11,NA,NA
Brianna Varela,21,Edmonds,WA,Guatemala,16,1,NA,1,8,7,Female,Retail Salesperson,11,NA,NA
Brooke Struck,25,Hood River,OR,Guatemala,15,5,NA,5,11,5,Female,Law Student,11,NA,NA
Blake Towsley,24,Dallas,TX,Guatemala,14,7,NA,7,14,5,Male,Real Estate Broker,11,NA,NA
Margaret Bobonich,43,Chardon,OH,Guatemala,13,7,0,7,15,7,Female,Nurse Practitioner,11,NA,NA
Brian Corridan,22,New York City,NY,Guatemala,12,3,NA,3,15,7,Male,Ivy League Student,11,NA,NA
Amy O'Hara,39,Revere,MA,Guatemala,11,4,NA,4,18,4,Female,Police Sergeant,11,NA,NA
Brandon Bellinger,22,Manhattan,KS,Guatemala,10,8,0,8,21,6,Male,Farmer,11,NA,NA
Bobby Jon Drinkard,28,Los Angeles,CA,Guatemala,9,8,0,8,24,8,Male,Waiter,11,NA,NA
Jamie Newton,24,North Hollywood,CA,Guatemala,8,4,1,5,27,10,Male,Water Skiing Instructor,11,NA,NA
Gary Hogeboom,46,Grand Haven,MI,Guatemala,7,4,2,6,30,8,Male,Ex-NFL Quarterback,11,1,1
Judd Sergeant,34,Ridgefield,NJ,Guatemala,6,8,2,10,33,5,Male,Hotel Doorman,11,NA,NA
Cindy Hall,31,Naples,FL,Guatemala,5,8,2,10,36,6,Female,Zookeeper,11,NA,NA
Lydia Morales,42,Lakewood,WA,Guatemala,4,4,0,4,37,10,Female,Fishmonger,11,NA,NA
Rafe Judkins,22,Providence,RI,Guatemala,3rd,4,4,8,38,2,Male,Wilderness Guide,11,NA,NA
Stephenie LaGrossa,25,Tom's River,NJ,Guatemala,2,4,2,6,39,2,Female,Pharmaceutical Sales Respresentative,11,NA,NA
Danni Boatwright,30,Tonganozie,KS,Guatemala,1,8,3,11,39,1,Female,Sports Radio Host,11,NA,NA
Tina Scheer,44,Hayward,WI,Panama,16,1,NA,1,3,3,Female,Lumberjill,12,NA,NA
Melinda Hyder,32,Sevierville,TN,Panama,15,1,NA,1,6,5,Female,Singer/Entertainer,12,NA,NA
Misty Giles,24,Dallas,TX,Panama,14,4,NA,4,8,5,Female,Missile Engineer,12,NA,NA
Ruth-Marie Milliman,48,Greenville,SC,Panama,13,4,NA,4,11,6,Female,Real Estate,12,NA,NA
Bobby Mason,32,Los Angeles,CA,Panama,12,6,NA,6,14,3,Male,Attorney,12,NA,NA
Dan Barry,51,South Hadley,MA,Panama,11,6,NA,6,15,3,Male,Astronaut,12,NA,NA
Nick Stanbury,25,Tempe,AZ,Panama,10,6,0,6,18,6,Male,Financial Sales,12,NA,NA
Austin Carty,24,High Point,NC,Panama,9,6,0,6,21,7,Male,Writer,12,NA,NA
Sally Schumann,27,Chicago,IL,Panama,8,5,2,7,24,8,Female,Social Worker,12,NA,NA
Bruce Kanegai,57,Simi Valley,CA,Panama,7,7,2,9,25,2,Male,Art Teacher,12,NA,NA
Courtney Marit,31,Los Angeles,CA,Panama,6,6,2,8,30,4,Female,Fire Dancer,12,NA,NA
Shane Powers,34,Los Angeles,CA,Panama,5,7,0,7,33,9,Male,Marketing Executive,12,NA,NA
Cirie Fields,35,Walterboro,SC,Panama,4,6,1,7,36,3,Female,Nurse,12,NA,NA
Terry Deitz,46,Simsbury,CT,Panama,3rd,6,9,15,38,1,Male,Pilot,12,1,0
Danielle DiLorenzo,24,Pompano Beach,FL,Panama,2,6,2,8,39,4,Female,Medical Sales Rep.,12,NA,NA
Aras Baskauskas,24,Santa Monica,CA,Panama,1,7,3,10,39,9,Male,"Yoga Instructor;
Musician",12,NA,NA
Sekou Bunch,45,Los Angeles,CA,Cook Islands,20,0,NA,0,3,3,Male,Jazz Musician,13,NA,NA
Billy Garcia,36,New York City,NY,Cook Islands,19,1,NA,1,6,4,Male,Heavy Metal Musician,13,NA,NA
Cecilia Mansilla,29,Oakland,CA,Cook Islands,18,1,NA,1,8,5,Female,Risk Consultant,13,NA,NA
J.P. Calderon,30,Long Beach,CA,Cook Islands,17,2,NA,2,11,7,Male,Volleyball Pro,13,NA,NA
Stephannie Favor,35,Columbia,SC,Cook Islands,16,3,NA,3,14,9,Female,Nursing Student,13,NA,NA
Cao Boi Bui,42,Christiansburg,VA,Cook Islands,15,6,NA,6,15,6,Male,Nail Salon Manager,13,NA,NA
Cristina Coria,35,Los Angeles,CA,Cook Islands,14,3,NA,3,15,5,Female,Police Officer,13,NA,NA
Jessica Smith,27,Chico,CA,Cook Islands,13,7,NA,7,18,6,Female,Roller Girl,13,NA,NA
Brad Virata,29,Santa Monica,CA,Cook Islands,12,5,NA,5,21,7,Male,Fashion Director,13,NA,NA
Rebecca Borman,34,Laurelton,NY,Cook Islands,11,4,NA,4,24,6,Female,Make-Up Artist,13,NA,NA
Jenny Guzon-Bae,36,Lake Forest,IL,Cook Islands,10,5,NA,5,24,6,Female,Real Estate Agent,13,NA,NA
Nate Gonzalez,26,Play del Rey,CA,Cook Islands,9,4,0,4,27,5,Male,Shoe Salesman,13,NA,NA
Candice Woodcock,23,Washington,D.C.,Cook Islands,8,7,0,7,30,6,Female,"Pre-Med Student;
Physician/Anesthesiology Resident",13,NA,NA
Jonathan Penner,44,Los Angeles,CA,Cook Islands,7,7,0,7,33,15,Male,Writer,13,NA,NA
Parvati Shallow,23,West Hollywood,CA,Cook Islands,6,5,2,7,36,4,Female,"Boxer;
Charity Organizer",13,NA,NA
Adam Gentry,28,San Diego,CA,Cook Islands,5,5,1,6,37,5,Male,Copier Sales,13,NA,NA
Sundra Oakley,31,Los Angeles,CA,Cook Islands,4,10,0,10,38,6,Female,Actress,13,NA,NA
Becky Lee,28,Washington,D.C.,Cook Islands,3,11,0,11,39,5,Female,Attorney,13,NA,NA
Ozzy Lusth,25,Venice,CA,Cook Islands,2,10,6,16,39,1,Male,"Waiter;
Photographer",13,NA,NA
Yul Kwon,31,San Mateo,CA,Cook Islands,1,11,1,12,39,5,Male,Management Consultant,13,1,0
Jessica deBen,27,Los Angeles,CA,Fiji,19,0,NA,0,3,6,Female,Fashion Stylist,14,NA,NA
Erica Durousseau,27,Baton Rouge,LA,Fiji,18,0,NA,0,6,6,Female,Non-Profit Fundraiser,14,NA,NA
Sylvia Kwan,52,Ross,CA,Fiji,17,0,NA,0,8,6,Female,Architect,14,NA,NA
Gary Stritesky,55,Ramsey,MN,Fiji,16,5,NA,5,10,NA,Male,School Bus Driver,14,NA,NA
Liliana Gomez,25,Los Angeles,CA,Fiji,15,6,NA,6,11,6,Female,Loan Officer,14,NA,NA
Rita Verreos,38,San Antonio,TX,Fiji,14,0,NA,0,14,6,Female,Single Mom,14,NA,NA
Anthony Robinson,32,Compton,CA,Fiji,13,0,NA,0,16,10,Male,Expert Witness Locator,14,NA,NA
Rocky Reid,28,Los Angeles,CA,Fiji,12,1,NA,1,19,5,Male,Bartender,14,NA,NA
Lisi Linares,36,Los Angeles,CA,Fiji,11,9,NA,9,21,7,Female,Customer Service Rep.,14,NA,NA
Michelle Yi,23,Cincinnati,OH,Fiji,10,4,0,4,24,3,Female,Student,14,NA,NA
Edgardo Rivera,28,Miami Beach,FL,Fiji,9,9,1,10,27,5,Male,Ad Executive,14,NA,NA
Mookie Lee,25,Chicago,IL,Fiji,8,1,0,1,30,6,Male,Business Consultant,14,1,0
Alex Angarita,28,Los Angeles,CA,Fiji,7,9,1,10,33,9,Male,Attorney,14,0,1
Stacy Kimball,27,Boulder,CO,Fiji,6,12,3,15,36,4,Female,Web Producer,14,NA,NA
Boo Bernis,34,Lafayette,LA,Fiji,5,12,5,17,37,5,Male,Construction Worker,14,NA,NA
Yau-Man Chan,54,Martinez,CA,Fiji,4,4,5,9,38,9,Male,Computer Engineer,14,1,1
Cassandra Franklin,42,Los Angeles,CA,Fiji,2,12,2,14,39,5,Female,College Administrator,14,NA,NA
Dreamz Herd,25,Wilmington,NC,Fiji,2,9,3,12,39,2,Male,Cheerleading Coach,14,NA,NA
Earl Cole,35,Santa Monica,CA,Fiji,1,4,2,6,39,1,Male,Ad Executive,14,1,1
Chicken Morris,47,Marion,VA,China,16,0,NA,0,3,5,Male,Chicken Farmer,15,NA,NA
Ashley Massaro,28,East Northport,NY,China,15,0,NA,0,6,8,Female,Professional Wrestler,15,NA,NA
Leslie Nease,38,Tega Cay,SC,China,14,3,NA,3,9,6,Female,Christian Radio Host,15,NA,NA
Dave Cruser,37,Simi Valley,CA,China,13,2,NA,2,12,6,Male,Former Model,15,NA,NA
Aaron Reisberger,32,Venice,CA,China,12,5,NA,5,15,3,Male,Surfing Instructor,15,NA,NA
Sherea Lloyd,26,Atlanta,GA,China,11,4,NA,4,18,6,Female,Elementary Teacher,15,NA,NA
Jaime Dugan,22,Columbia,SC,China,10,3,0,3,21,7,Female,Student,15,NA,NA
Jean-Robert Bellande,36,Las Vegas,NV,China,9,7,1,8,24,12,Male,Poker Player,15,NA,NA
Frosti Zernow,20,Chicago,IL,China,8,4,2,6,27,7,Male,Student/Athlete,15,NA,NA
James Clement,30,Lafayette,LA,China,7,6,1,7,30,9,Male,Gravedigger,15,1,0
Erik Huffman,26,Nashville,TN,China,6,3,2,5,33,5,Male,Musician,15,NA,NA
Peih-Gee Law,29,Marina del Rey,CA,China,5,3,3,6,36,8,Female,Jeweler,15,NA,NA
Denise Martin,40,Douglas,MA,China,4,7,2,9,38,3,Female,School Lunch Lady,15,NA,NA
Amanda Kimmel,22,Los Angeles,CA,China,3,7,5,12,39,0,Female,"Hiking Guide;
Aspiring Designer",15,NA,NA
Courtney Yates,26,New York City,NY,China,2,7,2,9,39,0,Female,Waitress,15,NA,NA
Todd Herzog,22,Pleasant Grove,UT,China,1,7,1,8,39,5,Male,Flight Attendant,15,1,0
Jon Dalton,33,Los Angeles,CA,Micronesia,20,0,0,0,3,9,Male,Art Consultant,16,NA,NA
Mary Sartain,29,Emeryville,CA,Micronesia,19,1,0,1,6,6,Female,Real Estate Manager,16,NA,NA
Yau-Man Chan,55,Martinez,CA,Micronesia,18,2,1,3,8,6,Male,Computer Engineer,16,NA,NA
Mikey Bortone,34,Los Angeles,CA,Micronesia,17,2,0,2,11,6,Male,Aspiring Writer,16,NA,NA
Joel Anderson,32,Avondale,AZ,Micronesia,16,2,0,2,14,6,Male,Firefighter,16,NA,NA
Jonathan Penner,45,Los Angeles,CA,Micronesia,15,7,0,7,15,0,Male,Writer,16,NA,NA
Chet Welch,48,Ford City,PA,Micronesia,14,2,0,2,17,12,Male,Pageant Coach,16,NA,NA
Kathy Sleckman,45,Glen Ellyn,IL,Micronesia,13,6,1,7,19,0,Female,Golf Course Vendor,16,NA,NA
Tracy Hughes-Wolf,43,Fredericksburg,VA,Micronesia,12,3,0,3,20,7,Female,Residential Builder,16,NA,NA
Ami Cusack,34,Golden,CO,Micronesia,11,5,0,5,21,4,Female,"Coffee Barista;
Nanny",16,NA,NA
Eliza Orlins,25,Manhattan,NY,Micronesia,10,10,0,10,24,8,Female,"Pre-Law Student;
Law School Student",16,NA,NA
Ozzy Lusth,26,Venice,CA,Micronesia,9,5,1,6,27,9,Male,"Waiter;
Photographer",16,1,0
Jason Siska,22,Fox River Grove,IL,Micronesia,8,8,2,10,30,8,Male,Gymnastics Coach,16,1,0
James Clement,30,Lafayette,LA,Micronesia,7,10,0,10,31,3,Male,Gravedigger,16,NA,NA
Alexis Jones,24,Beverly Hills,CA,Micronesia,6,8,1,9,33,2,Female,Motivational Speaker,16,NA,NA
Erik Reichenbach,22,Ypsilanti,MI,Micronesia,5,3,5,8,36,7,Male,"Ice Cream Scooper;
Comic Book Artist",16,NA,NA
Natalie Bolton,32,West Hollywood,CA,Micronesia,4,8,0,8,37,3,Female,Personal Trainer,16,NA,NA
Cirie Fields,37,Norwalk,CT,Micronesia,3rd,5,0,5,38,3,Female,Nurse,16,NA,NA
Amanda Kimmel,23,Los Angeles,CA,Micronesia,2,5,3,8,39,4,Female,"Hiking Guide;
Aspiring Designer",16,1,1
Parvati Shallow,25,Los Angeles,CA,Micronesia,1,10,1,11,39,4,Female,"Boxer;
Charity Organizer",16,1,0
Michelle Chase,24,Los Angeles,CA,Gabon,18,0,0,0,3,8,Female,Music Producer,17,NA,NA
Gillian Larson,61,Temecula,CA,Gabon,17,0,0,0,6,8,Female,Retired Nurse,17,NA,NA
Paloma Soto-Castillo,23,Downey,CA,Gabon,16,3,0,3,9,7,Female,Student,17,NA,NA
Jacquie Berg,25,Santa Barbara,CA,Gabon,15,3,0,3,12,5,Female,Medical Sales,17,NA,NA
G.C. Brown,25,Portland,OR,Gabon,14,2,1,3,15,6,Male,Maintenance Man,17,NA,NA
Kelly Czarnecki,22,Buffalo Grove,IL,Gabon,13,3,0,3,18,8,Female,Retail Sales,17,NA,NA
Ace Gordon,27,Naples,FL,Gabon,12,3,0,3,21,5,Male,Jewelry Sales and Photographer,17,0,0
Dan Kay,32,Boston,MA,Gabon,11,8,0,8,21,4,Male,Lawyer,17,NA,NA
Marcus Lehman,28,Atlanta,GA,Gabon,10,9,2,11,24,3,Male,Doctor,17,NA,NA
Charlie Herschel,29,New York City,NY,Gabon,9,11,0,11,27,5,Male,Lawyer,17,NA,NA
Randy Bailey,49,Eagle Rock,MO,Gabon,8,10,0,10,30,5,Male,Wedding Videographer,17,1,0
Corinne Kaplan,29,Los Angeles,CA,Gabon,7,11,0,11,33,4,Female,"Pharmaceutical Sales;
Clinical Consultant",17,NA,NA
Crystal Cox,29,Durham,NC,Gabon,6,2,0,2,36,11,Female,Former Olympic Athlete,17,NA,NA
Ken Hoang,22,Westminister,CA,Gabon,5,2,1,3,37,7,Male,Professional Gamer,17,NA,NA
Matty Whitmore,29,Pacific Palisades,CA,Gabon,4,4,0,4,38,7,Male,Personal Trainer,17,0,1
Sugar Kiper,29,Brooklyn,NY,Gabon,3,5,0,5,39,0,Female,Pin-Up Model,17,1,0
Susie Smith,47,Charles City,IA,Gabon,2,8,2,10,39,7,Female,Hairdresser,17,NA,NA
Bob Crowley,57,Portland,ME,Gabon,1,9,5,14,39,2,Male,Physics Teacher,17,NA,NA
Carolina Eastwood,26,West Hollywood,CA,Tocantins,16,0,NA,0,3,7,Female,Bartender,18,NA,NA
Candace Smith,31,Los Angeles,CA,Tocantins,15,1,NA,1,6,7,Female,Attorney,18,NA,NA
Jerry Sims,49,Rock Hill,SC,Tocantins,14,1,NA,1,9,6,Male,Sgt - U.S. Army,18,NA,NA
Sandy Burgin,53,Louisville,KY,Tocantins,13,4,NA,4,12,6,Female,Bus Driver,18,NA,NA
Spencer Duhm,18,Gainesville,FL,Tocantins,12,5,NA,5,15,5,Male,Student,18,NA,NA
Sydney Wheeler,24,San Diego,CA,Tocantins,11,5,NA,5,18,4,Female,Model,18,NA,NA
Joe Dowdle,26,Austin,TX,Tocantins,10,5,0,5,20,1,Male,Real Estate Sales,18,NA,NA
Brendan Synnott,30,Vail,CO,Tocantins,9,5,1,6,24,4,Male,Entrepreneur,18,1,0
Tyson Apostol,29,Heber City,UT,Tocantins,8,5,3,8,27,5,Male,"Former Professional Cyclist/Missionary
Shop Manager",18,NA,NA
Sierra Reed,23,Los Angeles,CA,Tocantins,7,5,0,5,30,11,Female,Model,18,NA,NA
Debbie Beebe,46,Auburn,AL,Tocantins,6,5,3,8,33,6,Female,Middle School Principal,18,NA,NA
Coach Wade,37,Bolivar,MO,Tocantins,5,5,1,6,36,6,Male,Soccer Coach/Musician,18,NA,NA
Taj Johnson-George,37,Nashville,TN,Tocantins,4,5,0,5,37,7,Female,Former Pop Star,18,1,0
Erinn Lobdell,26,Milwaukee,WI,Tocantins,3rd,5,1,6,38,5,Female,Hairstylist,18,NA,NA
Stephen Fishbach,29,New York City,NY,Tocantins,2,5,2,7,39,1,Male,Corporate Consultant,18,0,0
J.T. Thomas,24,Mobile,AL,Tocantins,1,5,6,11,39,0,Male,Cattle Rancher,18,NA,NA
Marisa Calihan,26,Cincinnati,OH,Samoa,20,1,NA,1,3,7,Female,Student,19,NA,NA
Mike Borassi,62,Marina del Rey,CA,Samoa,19,1,NA,1,5,0,Male,Personal Chef,19,NA,NA
Betsy Bolan,48,Campton,NH,Samoa,18,1,NA,1,6,7,Female,Police Officer,19,NA,NA
Ben Browning,28,Los Angeles,CA,Samoa,17,1,NA,1,8,7,Male,Bar Manager,19,NA,NA
Yasmin Giles,33,Los Angeles,CA,Samoa,16,4,NA,4,11,8,Female,Hairstylist,19,NA,NA
Ashley Trainer,22,Maple Grove,MN,Samoa,15,2,NA,2,14,9,Female,Spa Sales,19,NA,NA
Russell Swan,42,Glenside,PA,Samoa,14,6,NA,6,15,0,Male,Attorney,19,NA,NA
Liz Kim,33,New York City,NY,Samoa,13,2,NA,2,18,5,Female,Urban Planner,19,NA,NA
Erik Cardona,28,Los Angeles,CA,Samoa,12,8,0,8,21,10,Male,Bartender,19,1,0
Kelly Sharbaugh,25,San Diego,CA,Samoa,11,8,1,9,24,4,Female,Hairstylist,19,NA,NA
Laura Morett,39,Salem,OR,Samoa,10,8,3,11,27,10,Female,"Office Manager;
Fitness Instructor",19,NA,NA
John Fincher,25,Santa Monica,CA,Samoa,9,8,2,10,30,7,Male,Rocket Scientist,19,NA,NA
Dave Ball,38,Los Angeles,CA,Samoa,8,8,2,10,31,8,Male,Fitness Instructor,19,NA,NA
Monica Padilla,25,San Diego,CA,Samoa,7,8,1,9,33,7,Female,Law Student,19,NA,NA
Shambo Waters,45,Renton,WA,Samoa,6,8,2,10,36,6,Female,Sales,19,NA,NA
Jaison Robinson,28,Chicago,IL,Samoa,5,2,3,5,37,7,Male,Law Student,19,NA,NA
Brett Clouser,23,Los Angeles,CA,Samoa,4,8,4,12,38,3,Male,T-Shirt Designer,19,NA,NA
Mick Trimming,33,Los Angeles,CA,Samoa,3,2,1,3,39,4,Male,Doctor,19,NA,NA
Russell Hantz,36,Dayton,TX,Samoa,2,2,3,5,39,9,Male,Oil Company Owner,19,3,2
Natalie White,26,Van Buren,AR,Samoa,1,2,1,3,39,8,Female,Pharmaceutical Sales,19,NA,NA
Sugar Kiper,30,Los Angeles,CA,Heroes vs. Villains,20,1,NA,1,3,9,Female,Pin-Up Model,20,NA,NA
Stephenie LaGrossa,29,Philadelphia,PA,Heroes vs. Villains,19,1,NA,1,6,6,Female,Pharmaceutical Sales Respresentative,20,NA,NA
Randy Bailey,50,Austin,TX,Heroes vs. Villains,18,2,NA,2,8,9,Male,Wedding Videographer,20,NA,NA
Cirie Fields,39,Norwalk,CT,Heroes vs. Villains,17,2,NA,2,11,3,Female,Nurse,20,NA,NA
Tom Westman,45,New York City,NY,Heroes vs. Villains,16,2,NA,2,14,8,Male,"NYC Firefighter;
Motivational Speaker",20,1,1
Tyson Apostol,30,Lindon,UT,Heroes vs. Villains,15,7,0,7,15,3,Male,"Former Professional Cyclist/Missionary
Shop Manager",20,NA,NA
James Clement,32,Lafayette,LA,Heroes vs. Villains,14,2,0,2,15,7,Male,Gravedigger,20,NA,NA
Rob Mariano,33,Pensacola,FL,Heroes vs. Villains,13,7,1,8,18,5,Male,"Construction Worker
Aspiring poker player",20,NA,NA
Coach Wade,38,Susanville,CA,Heroes vs. Villains,12,7,0,7,21,4,Male,Soccer Coach/Musician,20,NA,NA
Courtney Yates,28,New York City,NY,Heroes vs. Villains,11,8,0,8,24,9,Female,Waitress,20,NA,NA
J.T. Thomas,25,Mobile,AL,Heroes vs. Villains,10,7,0,7,27,5,Male,Cattle Rancher,20,1,0
Amanda Kimmel,25,Los Angeles,CA,Heroes vs. Villains,9,7,1,8,30,10,Female,"Hiking Guide;
Aspiring Designer",20,NA,NA
Candice Woodcock,26,Washington,D.C.,Heroes vs. Villains,8,7,1,8,31,5,Female,"Pre-Med Student;
Physician/Anesthesiology Resident",20,NA,NA
Danielle DiLorenzo,28,Los Angeles,CA,Heroes vs. Villains,7,8,2,10,33,4,Female,Medical Sales Rep.,20,0,0
Rupert Boneham,45,Indianapolis,IN,Heroes vs. Villains,6,7,0,7,36,10,Male,Troubled Teens Mentor,20,NA,NA
Colby Donaldson,35,Dallas,TX,Heroes vs. Villains,5,7,1,8,37,7,Male,Auto Customizer,20,NA,NA
Jerri Manthey,38,Los Angeles,CA,Heroes vs. Villains,4,8,2,10,38,9,Female,Aspiring Actress,20,0,0
Russell Hantz,36,Dayton,TX,Heroes vs. Villains,3,8,2,10,39,5,Male,Oil Company Owner,20,3,2
Parvati Shallow,26,Los Angeles,CA,Heroes vs. Villains,2,8,3,11,39,8,Female,"Boxer;
Charity Organizer",20,1,2
Sandra Diaz-Twine,35,Fayatteville,NC,Heroes vs. Villains,1,8,0,8,39,3,Female,Office Assistant,20,1,1
Wendy DeSmidt-Kohlhoff,48,Fromberg,MT,Nicaragua,20,0,NA,0,3,9,Female,Goat Rancher,21,NA,NA
Shannon Elkins,30,Lafayette,LA,Nicaragua,19,2,NA,2,6,7,Male,Pest Control Company Owner,21,NA,NA
Jimmy Johnson,67,Islamorada,FL,Nicaragua,18,1,NA,1,8,8,Male,Former NFL Coach,21,NA,NA
Jimmy Tarantino,48,Gloucester,MA,Nicaragua,17,1,NA,1,11,5,Male,Commercial Fisherman,21,NA,NA
Tyrone Davis,42,Inglewood,CA,Nicaragua,16,2,NA,2,14,6,Male,Fire Captain,21,NA,NA
Kelly Bruno,26,Durham,NC,Nicaragua,15,6,0,6,15,8,Female,Medical Student,21,NA,NA
Yve Rojas,41,Kansas City,MO,Nicaragua,14,2,0,2,15,7,Female,Homemaker,21,NA,NA
Jill Behm,43,Erie,PA,Nicaragua,13,3,1,4,18,3,Female,ER Doctor,21,NA,NA
Alina Wilson,23,Downey,CA,Nicaragua,12,7,0,7,22,10,Female,Art Student,21,NA,NA
Marty Piombo,48,Mill Valley,CA,Nicaragua,11,3,1,4,24,15,Male,Technology Executive,21,1,0
Brenda Lowe,27,Miami,FL,Nicaragua,10,6,1,7,27,13,Female,Paddleboard Company Owner,21,NA,NA
NaOnka Mixon,27,Los Angeles,CA,Nicaragua,9,7,2,9,28,3,Female,PE Teacher,21,1,0
Kelly Shinn,20,Mesa,AZ,Nicaragua,8,6,1,7,28,0,Female,Nursing Student,21,NA,NA
Benry Henry,24,Los Angeles,CA,Nicaragua,7,7,2,9,32,5,Male,Club Promoter,21,NA,NA
Jane Bright,56,Jackson Springs,NC,Nicaragua,6,3,3,6,36,11,Female,Dog Trainer,21,NA,NA
Dan Lembo,63,Watermill,NY,Nicaragua,5,4,2,6,37,9,Male,Real Estate Executive,21,NA,NA
Holly Hoffman,44,Eureka,SD,Nicaragua,4,4,2,6,38,4,Female,Swim Coach,21,NA,NA
Sash Lenahan,30,New York City,NY,Nicaragua,3,6,2,8,39,2,Male,Real Estate Broker,21,0,1
Chase Rice,24,Fairview,NC,Nicaragua,2,7,4,11,39,1,Male,Pro Racecar Jackman,21,0,1
Fabio Birza,21,Venice,CA,Nicaragua,1,6,6,12,39,2,Male,Student,21,NA,NA
Francesca Hogi,36,Washington,D.C.,Redemption Island,18,0,0,0,6,4,Female,Attorney,22,NA,NA
Russell Hantz,37,Dayton,TX,Redemption Island,17,2,0,2,10,8,Male,Oil Company Owner,22,NA,NA
Kristina Kell,46,Malibu,CA,Redemption Island,16,1,0,1,12,9,Female,Law Student,22,1,1
Krista Klumpp,25,Columbia,SC,Redemption Island,15,3,0,3,14,6,Female,Pharmaceutical Representative,22,NA,NA
Stephanie Valencia,26,Long Beach,CA,Redemption Island,14,3,0,3,17,8,Female,Waitress,22,NA,NA
Sarita White,36,Santa Monica,CA,Redemption Island,13,3,0,3,19,6,Female,Visual Effects Producer,22,NA,NA
David Murphy,31,West Hollywood,CA,Redemption Island,12,3,0,3,25,8,Male,Defense Attorney,22,NA,NA
Julie Wolfe,50,Oceanside,CA,Redemption Island,11,3,0,3,28,6,Female,Firefighter,22,NA,NA
Steve Wright,51,Huntington Beach,CA,Redemption Island,10,3,0,3,31,9,Male,Ex-NFL Player,22,NA,NA
Ralph Kiser,45,Lebanon,VA,Redemption Island,9,3,1,4,33,10,Male,Farmer,22,1,1
Grant Mattos,29,West Hollywood,CA,Redemption Island,8,4,2,6,36,10,Male,Ex-NFL Player,22,NA,NA
Matt Elrod,22,Nashville,TN,Redemption Island,7,0,10,10,36,10,Male,Pre-Med Student,22,NA,NA
Mike Chiesl,31,Del Mar,CA,Redemption Island,6,3,4,7,36,6,Male,Iraq War Veteran,22,NA,NA
Andrea Boehlke,21,Random Lake,WI,Redemption Island,5,4,3,7,37,9,Female,"Student;
Entertainment Host/Writer",22,NA,NA
Ashley Underwood,25,Benton,ME,Redemption Island,4,4,2,6,38,3,Female,Nurse,22,NA,NA
Natalie Tenerelli,19,Acton,CA,Redemption Island,3,4,1,5,39,1,Female,Professional Dancer,22,NA,NA
Phillip Sheppard,52,Santa Monica,CA,Redemption Island,2,4,0,4,39,17,Male,"Technology Executive
Software Sales",22,NA,NA
Rob Mariano,34,Pensacola,FL,Redemption Island,1,4,4,8,39,7,Male,"Construction Worker
Aspiring poker player",22,1,1
Semhar Tadesse,24,Los Angeles,CA,South Pacific,18,1,0,1,6,8,Female,Spoken Word Artist,23,NA,NA
Mark Caruso,48,Forest Hills,NY,South Pacific,17,2,0,2,9,6,Male,Retired NYPD Detective,23,NA,NA
Stacey Powell,44,Grand Prairie,TX,South Pacific,16,2,0,2,12,10,Female,Mortician,23,NA,NA
Elyse Umemoto,27,Las Vegas,NV,South Pacific,15,3,0,3,15,3,Female,Dance Team Manager,23,NA,NA
Mikayla Wingle,22,Tampa,FL,South Pacific,14,3,0,3,17,4,Female,Lingerie Football Player,23,NA,NA
Christine Shields Markoski,39,Merrick,NY,South Pacific,13,1,5,6,19,4,Female,Teacher,23,NA,NA
Jim Rice,35,Denver,CO,South Pacific,12,4,1,5,25,8,Male,Medical Marijuana Dispenser,23,NA,NA
Keith Tollefson,26,Edina,MN,South Pacific,11,4,0,4,25,12,Male,Water Treatment Tech,23,NA,NA
Dawn Meehan,41,South Jordan,UT,South Pacific,10,4,1,5,28,9,Female,English Professor,23,NA,NA
Whitney Duncan,27,Nashville,TN,South Pacific,9,4,1,5,28,7,Female,Country Music Singer,23,0,0
John Cochran,24,Washington,D.C.,South Pacific,8,4,0,4,31,13,Male,Harvard Law Student,23,NA,NA
Edna Ma,35,Los Angeles,CA,South Pacific,7,4,0,4,33,15,Female,Anesthesiologist,23,NA,NA
Brandon Hantz,19,Katy,TX,South Pacific,6,4,1,5,36,4,Male,"Oil Tanker Crewman
Chemical Disposal",23,NA,NA
Rick Nelson,51,Aurora,UT,South Pacific,5,4,0,4,37,15,Male,Rancher,23,NA,NA
Ozzy Lusth,30,Venice,CA,South Pacific,4,4,8,12,38,17,Male,"Waiter;
Photographer",23,1,1
Albert Destrade,26,Plantation,FL,South Pacific,3,4,1,5,39,1,Male,Baseball/Dating Coach ­­­­,23,NA,NA
Coach Wade,39,Susanville,CA,South Pacific,2,4,1,5,39,0,Male,Soccer Coach/Musician,23,1,0
Sophie Clarke,22,Willsboro,NY,South Pacific,1,4,3,7,39,5,Female,Medical Student,23,NA,NA
Kourtney Moon,29,Austin,TX,One World,18,0,NA,0,3,NA,Female,Motorcycle Repair,24,NA,NA
Nina Acosta,51,Clovis,CA,One World,17,0,NA,0,5,6,Female,Retired LAPD Officer,24,NA,NA
Matt Quinlan,33,San Francisco,CA,One World,16,3,NA,3,8,7,Male,Attorney,24,NA,NA
Bill Posley,28,Venice,CA,One World,15,4,NA,4,11,8,Male,Stand-Up Comedian,24,NA,NA
Monica Culpepper,41,Tampa,FL,One World,14,3,NA,3,14,5,Female,"Ex-NFL Player's Wife;
Homemaker",24,NA,NA
Colton Cumbie,21,Monroeville,AL,One World,13,4,NA,4,16,1,Male,"Student;
Student Teacher",24,0,0
Jonas Otsuji,37,Lehi,UT,One World,12,4,0,4,20,10,Male,Sushi Chef,24,NA,NA
Michael Jefferson,30,Seattle,WA,One World,11,7,1,8,22,9,Male,Banker,24,NA,NA
Jay Byars,25,Gaffney,SC,One World,10,7,3,10,25,5,Male,Model,24,NA,NA
Leif Manson,27,San Diego,CA,One World,9,4,1,5,27,5,Male,Phlebotomist,24,NA,NA
Troyzan Robertson,50,Miami,FL,One World,8,7,4,11,30,6,Male,Swimsuit Photographer,24,1,1
Kat Edorsson,22,Orlando,FL,One World,7,6,2,8,33,7,Female,"Timeshare Representative;
Full Time Student/Sales",24,NA,NA
Tarzan Smith,64,Houston,TX,One World,6,4,1,5,36,12,Male,Plastic Surgeon,24,NA,NA
Alicia Rosa,25,Chicago,IL,One World,5,3,3,6,37,5,Female,Special Education Teacher,24,NA,NA
Christina Cha,29,West Hollywood,CA,One World,4,3,2,5,38,9,Female,Career Consultant,24,NA,NA
Chelsea Meissner,26,Charleston,SC,One World,3,6,3,9,39,4,Female,Medical Sales,24,NA,NA
Sabrina Thompson,33,Brooklyn,NY,One World,2,6,2,8,39,2,Female,High-School Teacher,24,1,0
Kim Spradlin,29,San Antonio,TX,One World,1,6,6,12,39,3,Female,Bridal Shop Owner,24,1,0
Zane Knight,28,Danville,VA,Philippines,18,0,NA,0,3,5,Male,Tire Repair,25,NA,NA
Roxy Morris,28,Brooklyn,NY,Philippines,17,0,NA,0,6,4,Female,Seminary Student,25,NA,NA
Angie Layton,20,Provo,UT,Philippines,16,0,NA,0,8,4,Female,Model/Student,25,NA,NA
Russell Swan,45,Glenside,PA,Philippines,15,0,NA,0,10,4,Male,Attorney,25,NA,NA
Dana Lambert,32,Winston-Salem,NC,Philippines,14,4,NA,4,12,NA,Female,Cosmetologist,25,NA,NA
Sarah Dawson,28,Silver Spring,MD,Philippines,13,4,NA,4,13,5,Female,Insurance Sales,25,NA,NA
Katie Hanson,22,Newark,DE,Philippines,12,5,NA,5,16,4,Female,Former Miss Delaware,25,NA,NA
RC Saint-Amour,27,New York City,NY,Philippines,11,7,0,7,19,4,Female,Investment Banker,25,NA,NA
Jeff Kent,44,Austin,TX,Philippines,10,5,1,6,22,5,Male,Retired Baseball Player,25,NA,NA
Artis Silvester,53,Terrytown,LA,Philippines,9,7,0,7,25,5,Male,Computer Engineer,25,NA,NA
Pete Yurkowski,24,Holmdel,NJ,Philippines,8,7,1,8,27,9,Male,Engineering Graduate,25,NA,NA
Jonathan Penner,50,Los Angeles,CA,Philippines,7,5,3,8,30,14,Male,Writer,25,1,1
Carter Williams,24,Shawnee,KS,Philippines,6,5,4,9,33,5,Male,Track Coach,25,NA,NA
Abi-Maria Gomes,32,Los Angeles,CA,Philippines,5,7,2,9,36,9,Female,Business Student,25,1,1
Malcolm Freberg,25,Hermosa Beach,CA,Philippines,4,3,7,10,38,6,Male,Bartender,25,1,0
Lisa Whelchel,49,Dallas,TX,Philippines,2,7,1,8,39,0,Female,Former TV Teen Star,25,NA,NA
Michael Skupin,50,White Lake,MI,Philippines,2,7,3,10,39,0,Male,Software Publisher; Part-Time Professional Speaker,25,NA,NA
Denise Stapley,41,Cedar Rapids,IA,Philippines,1,1,3,4,39,6,Female,Sex Therapist,25,0,0
Francesca Hogi,38,Brooklyn,NY,Caramoan,20,1,NA,1,3,6,Female,Attorney,26,NA,NA
Allie Pohevitz,25,Oceanside,NY,Caramoan,19,1,NA,1,5,6,Female,Bartender,26,NA,NA
Hope Driskill,23,Jefferson City,MO,Caramoan,18,1,NA,1,7,8,Female,Pre-Law Student,26,NA,NA
Shamar Thomas,27,Brooklyn,NY,Caramoan,17,1,NA,1,10,8,Male,Iraq War Veteran,26,NA,NA
Laura Alexander,23,Washington,D.C.,Caramoan,16,1,NA,1,10,6,Female,Administrative Officer,26,NA,NA
Brandon Hantz,21,Katy,TX,Caramoan,15,6,NA,6,13,8,Male,"Oil Tanker Crewman
Chemical Disposal",26,NA,NA
Matt Bischoff,38,Cincinnati,OH,Caramoan,14,1,NA,1,16,4,Male,BMX Bike Sales,26,NA,NA
Julia Landauer,21,Stanford,CA,Caramoan,13,1,NA,1,19,9,Female,Racecar Driver,26,NA,NA
Corinne Kaplan,33,Los Angeles,CA,Caramoan,12,6,0,6,22,7,Female,"Pharmaceutical Sales;
Clinical Consultant",26,NA,NA
Michael Snow,44,New York City,NY,Caramoan,11,1,1,2,25,10,Male,Event Planner,26,NA,NA
Phillip Sheppard,54,Santa Monica,CA,Caramoan,10,6,1,7,28,5,Male,"Technology Executive
Software Sales",26,NA,NA
Malcolm Freberg,25,Hermosa Beach,CA,Caramoan,9,9,0,9,30,11,Male,Bartender,26,2,3
Reynold Toepfer,30,San Francisco,CA,Caramoan,8,4,3,7,31,9,Male,Real Estate Sales,26,2,1
Andrea Boehlke,23,New York City,NY,Caramoan,7,9,1,10,33,13,Female,"Student;
Entertainment Host/Writer",26,0,0
Brenda Lowe,29,Miami,FL,Caramoan,6,9,2,11,36,5,Female,Paddleboard Company Owner,26,NA,NA
Erik Reichenbach,27,Santa Clarita,CA,Caramoan,5,9,3,12,36,2,Male,"Ice Cream Scooper;
Comic Book Artist",26,1,0
Eddie Fox,23,East Brunswick,NJ,Caramoan,4,4,1,5,38,16,Male,Fireman/EMT,26,0,0
Dawn Meehan,42,South Jordan,UT,Caramoan,2,6,2,8,39,2,Female,English Professor,26,NA,NA
Sherri Biethman,41,Boise,ID,Caramoan,2,4,0,4,39,6,Female,Fast Food Franchisee,26,NA,NA
John Cochran,25,Washington,D.C.,Caramoan,1,6,6,12,39,0,Male,Harvard Law Student,26,NA,NA
Rupert Boneham,49,Indianapolis,IN,Blood vs. Water,20,0,0,0,4,0,Male,Troubled Teens Mentor,27,NA,NA
Colton Cumbie,22,Collinsville,AL,Blood vs. Water,19,2,NA,2,7,0,Male,"Student;
Student Teacher",27,NA,NA
Rachel Foulger,33,Provo,UT,Blood vs. Water,18,0,0,0,7,5,Female,Cocktail Waitress/Graphic Designer,27,NA,NA
Marissa Peterson,21,Chapel Hill,NC,Blood vs. Water,17,0,2,2,9,10,Female,Student,27,NA,NA
Candice Cody,30,Washington,D.C.,Blood vs. Water,16,0,3,3,11,6,Female,"Pre-Med Student;
Physician/Anesthesiology Resident",27,NA,NA
Brad Culpepper,44,Tampa,FL,Blood vs. Water,15,0,1,1,14,7,Male,Attorney/Former NFL Player,27,NA,NA
Kat Edorsson,23,Orlando,FL,Blood vs. Water,14,4,0,4,17,5,Female,"Timeshare Representative;
Full Time Student/Sales",27,NA,NA
John Cody,30,Washington,D.C.,Blood vs. Water,13,0,4,4,19,8,Male,"Physician, Army Orthopedic Surgery Resident",27,NA,NA
Laura Boneham,44,Indianapolis,IN,Blood vs. Water,12,4,0,4,19,11,Female,Merchandiser,27,NA,NA
Aras Baskauskas,31,Santa Monica,CA,Blood vs. Water,11,6,0,6,25,7,Male,"Yoga Instructor;
Musician",27,NA,NA
Vytas Baskauskas,33,Santa Monica,CA,Blood vs. Water,10,1,2,3,27,10,Male,Yoga Instructor/Math Professor,27,NA,NA
Caleb Bankston,26,Collinsville,AL,Blood vs. Water,9,3,0,3,30,4,Male,Post Office Manager/Farmer,27,NA,NA
Katie Collins,25,New York City,NY,Blood vs. Water,8,1,1,2,33,4,Female,Hedge Fund Support,27,NA,NA
Hayden Moss,27,Springtown,TX,Blood vs. Water,7,3,0,3,36,8,Male,Real Estate,27,NA,NA
Laura Morett,43,Salem,OR,Blood vs. Water,6,4,6,10,36,19,Female,"Office Manager;
Fitness Instructor",27,NA,NA
Ciera Eastin,24,Salem,OR,Blood vs. Water,5,3,1,4,37,14,Female,Cosmetology Student,27,NA,NA
Tina Wesson,52,Robbinsville,NC,Blood vs. Water,4,4,5,9,38,10,Female,Personal Nurse; Motivational Speaker,27,NA,NA
Gervase Peterson,43,Philadelphia,PA,Blood vs. Water,3,6,1,7,39,6,Male,YMCA Basketball Coach; Cigar Lounge Owner,27,0,0
Monica Culpepper,42,Tampa,FL,Blood vs. Water,2,4,3,7,39,6,Female,"Ex-NFL Player's Wife;
Homemaker",27,NA,NA
Tyson Apostol,34,Provo,UT,Blood vs. Water,1,6,2,8,39,2,Male,"Former Professional Cyclist/Missionary
Shop Manager",27,2,2
David Samson,45,Plantation,FL,Cagayan,18,0,NA,0,3,4,Male,Miami Marlins President,28,NA,NA
Garrett Adelstein,27,Santa Monica,CA,Cagayan,17,0,NA,0,6,3,Male,Pro Poker Player,28,1,0
Brice Johnston,27,Philadelphia,PA,Cagayan,16,2,NA,2,8,5,Male,Social Worker,28,NA,NA
J'Tia Taylor,31,Chicago,IL,Cagayan,15,1,NA,1,11,7,Female,Nuclear Engineer,28,NA,NA
Cliff Robinson,46,Newark,NJ,Cagayan,14,6,NA,6,14,4,Male,Former NBA All-Star,28,NA,NA
Lindsey Ogle,29,Kokomo,IN,Cagayan,13,6,NA,6,14,0,Female,Hairstylist,28,NA,NA
Alexis Maxwell,21,Addison,IL,Cagayan,12,5,NA,5,16,8,Female,Student,28,NA,NA
Sarah Lacina,29,Cedar Rapids,IA,Cagayan,11,6,0,6,19,6,Female,Police Officer,28,NA,NA
Morgan McLeod,21,San Jose,CA,Cagayan,10,5,1,6,22,8,Female,Ex-NFL Cheerleader,28,NA,NA
LJ McKanas,34,Boston,MA,Cagayan,9,7,1,8,25,8,Male,Horse Trainer,28,1,1
Jeremiah Wood,34,Dobson,NC,Cagayan,8,5,3,8,28,9,Male,Male Model,28,NA,NA
Jefra Bland,22,Campbellsville,KY,Cagayan,7,7,2,9,30,9,Female,Pageant Winner,28,NA,NA
Tasha Fox,37,St. Louis,MO,Cagayan,6,2,4,6,33,4,Female,Accountant,28,NA,NA
Trish Hegarty,48,Needham,MA,Cagayan,5,8,0,8,36,5,Female,Pilates Trainer,28,NA,NA
Spencer Bledsoe,21,Chicago,IL,Cagayan,4,2,7,9,37,8,Male,Economics Student,28,1,1
Kass McQuillen,41,Tehachapi,CA,Cagayan,3rd,2,2,4,38,2,Female,Attorney,28,NA,NA
Woo Hwang,29,Newport Beach,CA,Cagayan,2,8,3,11,39,4,Male,Martial Arts Instructor,28,NA,NA
Tony Vlachos,39,Jersey City,NJ,Cagayan,1,8,2,10,39,5,Male,Police Officer,28,3,2
Nadiya Anderson,28,Edgewater,NJ,San Juan del Sur,18,0,NA,0,3,5,Female,Crossfit Coach/Project Coordinator,29,NA,NA
Val Collins,35,Foxboro,MA,San Juan del Sur,17,0,NA,0,6,9,Female,Foxboro Police Officer,29,NA,NA
John Rocker,39,Atlanta,GA,San Juan del Sur,16,1,NA,1,8,5,Male,Former MLB Player,29,1,0
Drew Christy,25,Winter Park,FL,San Juan del Sur,15,6,NA,6,10,5,Male,Traveling Sales Representative,29,NA,NA
Kelley Wentworth,28,Seattle,WA,San Juan del Sur,14,6,NA,6,13,4,Female,Marketing Manager,29,NA,NA
Dale Wentworth,55,Ephrata,WA,San Juan del Sur,13,2,NA,2,15,8,Male,Farmer,29,NA,NA
Julie McGee,34,Atlanta,GA,San Juan del Sur,12,9,0,9,18,2,Female,Model/Owner of Spray Tan Business,29,NA,NA
Josh Canfield,32,New York City,NY,San Juan del Sur,11,5,0,5,21,6,Male,Singer/Actor/Writer,29,NA,NA
Jeremy Collins,36,Foxboro,MA,San Juan del Sur,10,9,3,12,24,5,Male,Cambridge Firefighter,29,NA,NA
Wes Nale,23,Shreveport,LA,San Juan del Sur,9,5,1,6,26,2,Male,Firefighter,29,NA,NA
Reed Kelly,31,New York City,NY,San Juan del Sur,8,9,4,13,29,10,Male,Broadway Performer/Model/Aerialist,29,NA,NA
Alec Christy,22,Winter Park,FL,San Juan del Sur,7,5,2,7,32,4,Male,Student,29,NA,NA
Jon Misch,26,Waterford,MI,San Juan del Sur,6,6,3,9,35,8,Male,Financial Assistant,29,2,1
Baylor Wilson,20,Nashville,TN,San Juan del Sur,5,2,2,4,37,17,Female,Student,29,NA,NA
Keith Nale,53,Shreveport,LA,San Juan del Sur,4,6,6,12,38,16,Male,Fire Captain,29,1,1
Missy Payne,47,Dallas,TX,San Juan del Sur,3,6,1,7,39,3,Female,Competitive Cheerleading Gym Owner,29,NA,NA
Jaclyn Schultz,25,Las Vegas,NV,San Juan del Sur,2,2,2,4,39,6,Female,Media Buyer,29,NA,NA
Natalie Anderson,28,Edgewater,NJ,San Juan del Sur,1,9,4,13,39,0,Female,Crossfit Coach/Physical Therapy Student,29,1,1
So Kim,31,Long Beach,CA,Worlds Apart,18,0,NA,0,3,4,Female,Retail Buyer,30,NA,NA
Vince Sly,32,Santa Monica,CA,Worlds Apart,17,1,NA,1,6,3,Male,Coconut Vendor,30,NA,NA
Nina Poersch,51,Palmdale,CA,Worlds Apart,16,1,NA,1,8,4,Female,Hearing Advocate,30,NA,NA
Lindsey Cascaddan,24,College Park,FL,Worlds Apart,15,3,NA,3,11,5,Female,Hairdresser,30,NA,NA
Max Dawson,37,Topanga,CA,Worlds Apart,14,4,NA,4,14,5,Male,Media Consultant,30,NA,NA
Joaquin Souberbielle,27,Valley Stream,NY,Worlds Apart,13,6,NA,6,16,4,Male,Marketing Director,30,NA,NA
Kelly Remington,44,Grand Island,NY,Worlds Apart,12,5,0,5,19,4,Female,State Trooper,30,NA,NA
Hali Ford,25,San Francisco,CA,Worlds Apart,11,5,0,5,22,8,Female,Law Student,30,NA,NA
Joe Anglim,25,Scottsdale,AZ,Worlds Apart,10,5,3,8,24,8,Male,Jewelry Designer,30,NA,NA
Jenn Brown,22,Long Beach,CA,Worlds Apart,9,5,0,5,27,18,Female,Sailing Instructor,30,1,1
Shirin Oskooi,31,San Francisco,CA,Worlds Apart,8,6,1,7,29,7,Female,Yahoo! Executive,30,NA,NA
Tyler Fredrickson,33,Los Angeles,CA,Worlds Apart,7,6,3,9,32,5,Male,Ex-Talent Agent Assistant,30,NA,NA
Dan Foley,47,Gorham,ME,Worlds Apart,6,5,2,7,35,9,Male,Postal Worker,30,NA,NA
Sierra Dawn Thomas,27,Roy,UT,Worlds Apart,5,5,2,7,37,6,Female,Barrel Racer,30,NA,NA
Rodney Lavoie Jr.,24,Boston,MA,Worlds Apart,4,5,0,5,38,5,Male,General Contractor,30,NA,NA
Carolyn Rivera,52,Tampa,FL,Worlds Apart,2,6,5,11,39,10,Female,Corporate Executive,30,1,1
Will Sims II,41,Sherman Oaks,CA,Worlds Apart,2,5,2,7,39,4,Male,YouTube Sensation,30,NA,NA
Mike Holloway,38,North Richland Hills,TX,Worlds Apart,1,5,9,14,39,4,Male,Oil Driller,30,1,1
Vytas Baskauskas,35,Santa Monica,CA,Cambodia,20,1,NA,1,3,6,Male,Yoga Instructor/Math Professor,31,NA,NA
Shirin Oskooi,32,San Francisco,CA,Cambodia,19,1,NA,1,6,5,Female,Yahoo! Executive,31,NA,NA
Peih-Gee Law,37,San Francisco,CA,Cambodia,18,1,NA,1,9,4,Female,Jeweler,31,NA,NA
Jeff Varner,49,Greensboro,NC,Cambodia,17,2,NA,2,11,4,Male,Internet Projects Manager,31,NA,NA
Monica Padilla,30,Queens,NY,Cambodia,16,4,NA,4,13,3,Female,Law Student,31,NA,NA
Terry Deitz,55,Simsbury,CT,Cambodia,15,6,NA,6,13,0,Male,Pilot,31,NA,NA
Woo Hwang,31,Newport Beach,CA,Cambodia,14,5,NA,5,16,5,Male,Martial Arts Instructor,31,NA,NA
Kass McQuillen,43,Tehachapi,CA,Cambodia,13,8,0,8,19,6,Female,Attorney,31,NA,NA
Andrew Savage,51,San Jose,CA,Cambodia,12,6,0,6,21,4,Male,Attorney,31,NA,NA
Kelly Wiglesworth,37,Greensboro,NC,Cambodia,11,4,1,5,24,8,Female,River Guide,31,NA,NA
Ciera Eastin,26,Salem,OR,Cambodia,10,8,3,11,26,10,Female,Cosmetology Student,31,NA,NA
Stephen Fishbach,36,New York City,NY,Cambodia,9,5,2,7,29,9,Male,Corporate Consultant,31,NA,NA
Joe Anglim,26,Scottsdale,AZ,Cambodia,8,8,7,15,32,8,Male,Jewelry Designer,31,NA,NA
Abi-Maria Gomes,35,Los Angeles,CA,Cambodia,7,5,1,6,35,14,Female,Business Student,31,NA,NA
Kimmi Kappenberg,42,The Woodlands,TX,Cambodia,6,5,1,6,36,5,Female,Bartender,31,NA,NA
Keith Nale,54,Keithville,LA,Cambodia,5,8,3,11,37,4,Male,Fire Captain,31,NA,NA
Kelley Wentworth,29,Seattle,WA,Cambodia,4,7,4,11,38,17,Female,Marketing Manager,31,2,2
Spencer Bledsoe,23,Chicago,IL,Cambodia,2,4,5,9,39,11,Male,Economics Student,31,NA,NA
Tasha Fox,39,St. Louis,MO,Cambodia,2,5,2,7,39,8,Female,Accountant,31,NA,NA
Jeremy Collins,37,Foxboro,MA,Cambodia,1,5,1,6,39,3,Male,Cambridge Firefighter,31,2,2
Darnell Hamilton,27,Chicago,IL,Kaôh Rōng,18,0,NA,0,3,7,Male,Postal Worker,32,NA,NA
Jennifer Lanzetti,38,Salt Lake City,UT,Kaôh Rōng,17,0,NA,0,6,3,Female,Contractor,32,NA,NA
Liz Markham,27,New York City,NY,Kaôh Rōng,16,2,NA,2,8,5,Female,Quantitative Strategist,32,NA,NA
Caleb Reynolds,28,Hopkinsville,KY,Kaôh Rōng,15,4,NA,4,9,NA,Male,Army Veteran,32,NA,NA
Alecia Holden,24,Dallas,TX,Kaôh Rōng,14,1,NA,1,11,8,Female,Real Estate Agent,32,NA,NA
Anna Khait,26,Brooklyn,NY,Kaôh Rōng,13,5,NA,5,13,5,Female,Pro Poker Player,32,NA,NA
Peter Baggenstos,34,Minneapolis,MN,Kaôh Rōng,12,5,NA,5,16,7,Male,ER Doctor,32,NA,NA
Neal Gottlieb,38,Sausalito,CA,Kaôh Rōng,11,6,0,6,19,0,Male,Ice Cream Entrepreneur,32,1,0
Nick Maiorano,30,Redondo Beach,CA,Kaôh Rōng,10,7,2,9,22,6,Male,Personal Trainer,32,NA,NA
Debbie Wanner,49,Reading,PA,Kaôh Rōng,9,6,1,7,24,5,Female,Chemist,32,NA,NA
Scot Pollard,40,Carmel,IN,Kaôh Rōng,8,2,2,4,27,7,Male,Former NBA Champion,32,0,0
Julia Sokolowski,19,Boston,MA,Kaôh Rōng,7,6,4,10,29,7,Female,College Student,32,NA,NA
Kyle Jason,31,Detroit,MI,Kaôh Rōng,6,3,3,6,32,5,Male,Bounty Hunter,32,1,0
Joe del Campo,72,Vero Beach,FL,Kaôh Rōng,5,5,1,6,34,1,Male,Former FBI Agent,32,NA,NA
Cydney Gillon,23,Douglasville,GA,Kaôh Rōng,4,3,2,5,37,5,Female,Bodybuilder,32,NA,NA
Tai Trang,51,San Francisco,CA,Kaôh Rōng,3,6,5,11,39,4,Male,Gardener,32,1,0
Aubry Bracco,29,Cambridge,MA,Kaôh Rōng,2,5,1,6,39,8,Female,Social Media Marketer,32,NA,NA
Michele Fitzgerald,24,Freehold,NJ,Kaôh Rōng,1,7,6,13,39,2,Female,Bartender,32,NA,NA
Rachel Ako,37,Los Angeles,CA,Millennials vs. Gen X,20,0,NA,0,4,5,Female,Recruiting Director,33,NA,NA
Mari Takahashi,31,Los Angeles,CA,Millennials vs. Gen X,19,1,NA,1,7,7,Female,Gamer,33,NA,NA
Paul Wachter,52,Sugarloaf Key,FL,Millennials vs. Gen X,18,1,NA,1,10,6,Male,Boat Mechanic,33,NA,NA
Lucy Huang,42,Diamond Bar,CA,Millennials vs. Gen X,17,2,NA,2,12,2,Female,Dietician,33,NA,NA
CeCe Taylor,39,Granada Hills,CA,Millennials vs. Gen X,16,2,NA,2,15,11,Female,Insurance Adjuster,33,NA,NA
Figgy Figueroa,23,Nashville,TN,Millennials vs. Gen X,15,4,NA,4,18,6,Female,Bartender,33,NA,NA
Michaela Bradshaw,25,Fort Worth,TX,Millennials vs. Gen X,14,7,NA,7,20,4,Female,Vacation Club Sales,33,NA,NA
Michelle Schubert,28,Yakima,WA,Millennials vs. Gen X,13,7,0,7,23,10,Female,Missionary Recruiter,33,NA,NA
Taylor Stocker,24,Post Falls,ID,Millennials vs. Gen X,12,5,1,6,25,7,Male,Snowboard Instructor,33,NA,NA
Chris Hammons,38,Moore,OK,Millennials vs. Gen X,11,6,1,7,28,7,Male,Trial Lawyer,33,NA,NA
Jessica Lewis,37,Voorheesville,NY,Millennials vs. Gen X,10,4,0,4,30,9,Female,Assistant District Attorney,33,1,0
Zeke Smith,28,Brooklyn,NY,Millennials vs. Gen X,9,7,2,9,33,14,Male,Asset Manager,33,NA,NA
Will Wahl,18,Long Valley,NJ,Millennials vs. Gen X,8,7,1,8,34,6,Male,High-School Student,33,NA,NA
Sunday Burquest,45,Otsego,MN,Millennials vs. Gen X,7,6,3,9,35,5,Female,Youth Pastor,33,NA,NA
Jay Starrett,27,Fort Lauderdale,FL,Millennials vs. Gen X,6,7,3,10,36,10,Male,Real Estate Agent,33,1,1
Bret LaBelle,42,Dedham,MA,Millennials vs. Gen X,5,6,3,9,37,5,Male,Police Sergeant,33,NA,NA
David Wright,42,Sherman Oaks,CA,Millennials vs. Gen X,4,6,3,9,38,10,Male,Television Writer,33,2,2
Hannah Shapiro,24,West Hollywood,CA,Millennials vs. Gen X,2,7,1,8,39,13,Female,Barista,33,NA,NA
Ken McNickle,33,Denver,CO,Millennials vs. Gen X,2,4,5,9,39,3,Male,Model,33,0,1
Adam Klein,25,San Francisco,CA,Millennials vs. Gen X,1,5,2,7,39,6,Male,Homeless Shelter Manager,33,2,2
Ciera Eastin,27,Salem,OR,Game Changers,20,0,NA,0,3,9,Female,Cosmetology Student,34,NA,NA
Tony Vlachos,42,Jersey City,NJ,Game Changers,19,0,NA,0,6,7,Male,Police Officer,34,NA,NA
Caleb Reynolds,28,Hopkinsville,KY,Game Changers,18,0,NA,0,9,5,Male,Army Veteran,34,NA,NA
Malcolm Freberg,29,Hermosa Beach,CA,Game Changers,17,2,NA,2,11,5,Male,Bartender,34,NA,NA
J.T. Thomas,31,Mobile,AL,Game Changers,16,6,NA,6,13,3,Male,Cattle Rancher,34,1,0
Sandra Diaz-Twine,41,Fayetteville,NC,Game Changers,15,3,NA,3,16,5,Female,Office Assistant,34,NA,NA
Jeff Varner,50,High Point,NC,Game Changers,14,4,NA,4,18,6,Male,Internet Projects Manager,34,NA,NA
Hali Ford,26,Knoxville,TN,Game Changers,13,4,0,4,21,8,Female,Law Student,34,NA,NA
Ozzy Lusth,34,Venice,CA,Game Changers,12,8,1,9,24,7,Male,"Waiter;
Photographer",34,NA,NA
Debbie Wanner,51,Reading,PA,Game Changers,11,6,2,8,26,6,Female,Chemist,34,NA,NA
Zeke Smith,28,Brooklyn,NY,Game Changers,10,8,2,10,29,11,Male,Asset Manager,34,NA,NA
Sierra Dawn Thomas,29,Roy,UT,Game Changers,9,7,1,8,32,15,Female,Barrel Racer,34,NA,NA
Andrea Boehlke,27,New York City,NY,Game Changers,8,8,6,14,33,14,Female,"Student;
Entertainment Host/Writer",34,NA,NA
Michaela Bradshaw,25,Fort Worth,TX,Game Changers,7,5,0,5,35,11,Female,Vacation Club Sales,34,NA,NA
Cirie Fields,45,Norwalk,CT,Game Changers,6,9,0,9,36,0,Female,Nurse,34,NA,NA
Aubry Bracco,30,Cambridge,MA,Game Changers,5,5,4,9,37,9,Female,Social Media Marketer,34,NA,NA
Tai Trang,52,San Francisco,CA,Game Changers,4,6,2,8,38,12,Male,Gardener,34,3,3
Troyzan Robertson,54,Miami,FL,Game Changers,3,6,2,8,39,2,Male,Swimsuit Photographer,34,1,1
Brad Culpepper,47,Tampa,FL,Game Changers,2,7,8,15,39,2,Male,Attorney/Former NFL Player,34,NA,NA
Sarah Lacina,32,Marion,IA,Game Changers,1,8,1,9,39,3,Female,Police Officer,34,0,1
Katrina Radke,46,Excelsior,MN,Heroes vs. Healers vs. Hustlers,18,1,NA,1,3,5,Female,Olympian,35,NA,NA
Simone Nguyen,25,New York City,NY,Heroes vs. Healers vs. Hustlers,17,1,NA,1,6,5,Female,Diversity Advocate,35,NA,NA
Patrick Bolton,24,Auburn,AL,Heroes vs. Healers vs. Hustlers,16,1,NA,1,8,5,Male,Small Business Owner,35,NA,NA
Alan Ball,32,Houston,TX,Heroes vs. Healers vs. Hustlers,15,3,NA,3,11,2,Male,NFL Player,35,NA,NA
Roark Luskin,27,Santa Monica,CA,Heroes vs. Healers vs. Hustlers,14,5,NA,5,14,3,Female,Social Worker,35,NA,NA
Ali Elliott,24,Los Angeles,CA,Heroes vs. Healers vs. Hustlers,13,3,NA,3,16,3,Female,Celebrity Assistant,35,NA,NA
Jessica Johnston,29,Louisville,KY,Heroes vs. Healers vs. Hustlers,12,10,0,10,19,7,Female,Nurse Practitioner,35,NA,NA
Desi Williams,27,Newport News,VA,Heroes vs. Healers vs. Hustlers,11,7,1,8,21,11,Female,Phyiscal Therapist,35,NA,NA
Cole Medders,24,Little Rock,AR,Heroes vs. Healers vs. Hustlers,10,10,3,13,24,7,Male,Wilderness Therapy Guide,35,NA,NA
JP Hilsabeck,28,Los Angeles,CA,Heroes vs. Healers vs. Hustlers,9,5,2,7,27,6,Male,Firefighter,35,NA,NA
Joe Mena,34,Tolland,CT,Heroes vs. Healers vs. Hustlers,8,7,2,9,30,12,Male,Probation Officer,35,2,2
Lauren Rimmer,35,Beauford,NC,Heroes vs. Healers vs. Hustlers,7,7,2,9,33,3,Female,Fisherman,35,1,0
Ashley Nolan,26,Satellite Beach,FL,Heroes vs. Healers vs. Hustlers,6,6,3,9,36,8,Female,Lifeguard,35,NA,NA
Mike Zahalsky,43,Parkland,FL,Heroes vs. Healers vs. Hustlers,5,10,1,11,37,9,Male,Urologist,35,1,1
Devon Pinto,23,Solana Beach,CA,Heroes vs. Healers vs. Hustlers,4,4,3,7,38,2,Male,Surf Instructor,35,NA,NA
Ryan Ulrich,23,North Arlington,NJ,Heroes vs. Healers vs. Hustlers,3,3,1,4,39,2,Male,Bellhop,35,2,1
Chrissy Hofbeck,46,Lebanon Township,NJ,Heroes vs. Healers vs. Hustlers,2,5,8,13,39,7,Female,Actuary,35,0,0
Ben Driebergen,34,Boise,ID,Heroes vs. Healers vs. Hustlers,1,9,1,10,39,11,Male,Marine,35,3,3
Stephanie Gonzalez,26,Ocala,FL,Ghost Island,20,1,NA,1,3,8,Female,Graphic Sales,36,NA,NA
Jacob Derwin,22,Brooklyn,NY,Ghost Island,19,1,NA,1,6,5,Male,Music Teacher,36,1,0
Morgan Ricke,29,Orlando,FL,Ghost Island,18,2,NA,2,9,4,Female,Marine Animal Trainer,36,0,0
Brendan Shapiro,41,Herndon,VA,Ghost Island,17,2,NA,2,12,5,Male,Physical Education Teacher,36,NA,NA
Stephanie Johnson,34,Chicago,IL,Ghost Island,16,2,NA,2,14,7,Female,Yoga Instructor,36,NA,NA
James Lim,24,New York City,NY,Ghost Island,15,5,NA,5,17,6,Male,Business Analyst,36,NA,NA
Bradley Kleihege,26,Los Angeles,CA,Ghost Island,14,5,NA,5,19,8,Male,Law Student,36,NA,NA
Chris Noble,27,Brooklyn,NY,Ghost Island,13,9,0,9,22,10,Male,Male Model,36,1,0
Libby Vincek,24,Houston,TX,Ghost Island,12,7,1,8,25,8,Female,Social Media Strategist,36,NA,NA
Desiree Afuye,21,Brooklyn,NY,Ghost Island,11,4,0,4,27,10,Female,Student,36,NA,NA
Jenna Bowman,23,Venice Beach,CA,Ghost Island,10,5,1,6,29,3,Female,Advertising Account Executive,36,NA,NA
Michael Yerger,18,Los Angeles,CA,Ghost Island,9,3,1,4,29,15,Male,Real Estate Agent,36,2,2
Chelsea Townsend,25,Los Angeles,CA,Ghost Island,8,5,4,9,32,5,Female,EMT/Pro Cheerleader,36,NA,NA
Kellyn Bechtold,31,Denver,CO,Ghost Island,7,4,2,6,35,8,Female,Career Counselor,36,NA,NA
Sebastian Noel,22,Satellite Beach,FL,Ghost Island,6,6,2,8,36,5,Male,Fishing Guide,36,NA,NA
Donathan Hurley,26,Kimper,KY,Ghost Island,5,7,1,8,37,11,Male,Caretaker,36,1,1
Angela Perkins,42,Cincinnati,OH,Ghost Island,4,7,2,9,38,3,Female,Army Veteran,36,NA,NA
Laurel Johnson,29,Minneapolis,MN,Ghost Island,3,8,2,10,39,3,Female,Financial Consultant,36,NA,NA
Domenick Abbate,38,Nesconset,NY,Ghost Island,2,8,4,12,39,2,Male,Construction Supervisor,36,1,1
Domenick Abbate,38,Nesconset,NY,Ghost Island,2,8,4,12,39,2,Male,Construction Supervisor,36,0,1
Wendell Holland,33,Philadelphia,PA,Ghost Island,1,9,4,13,39,5,Male,Furniture Company Owner,36,1,1
Pat Cusack,40,Watervliet,NY,David vs. Goliath,20,1,NA,1,3,NA,Male,Maintenance Manager,37,NA,NA
Jessica Peet,19,Lakeland,FL,David vs. Goliath,19,1,NA,1,6,5,Female,Waitress,37,NA,NA
Jeremy Crawford,40,New York City,NY,David vs. Goliath,18,2,NA,2,9,9,Male,Attorney,37,NA,NA
Bi Nguyen,28,Houston,TX,David vs. Goliath,17,2,NA,2,10,0,Female,MMA Fighter,37,NA,NA
Natalia Azoqa,25,Irvine,CA,David vs. Goliath,16,2,NA,2,11,3,Female,Industrial Engineer,37,NA,NA
Natalie Cole,57,Los Angeles,CA,David vs. Goliath,15,4,NA,4,15,4,Female,Publishing CEO,37,NA,NA
Lyrsa Torres,36,Boston,MA,David vs. Goliath,14,5,NA,5,17,9,Female,Airline Agent,37,NA,NA
Elizabeth Olson,31,Longview,TX,David vs. Goliath,13,5,0,5,20,13,Female,Kitchen Staff,37,NA,NA
John Hennigan,38,Los Angeles,CA,David vs. Goliath,12,6,1,7,22,3,Male,Pro Wrestler,37,NA,NA
Dan Rengering,27,Gainesville,FL,David vs. Goliath,11,6,2,8,25,6,Male,S.W.A.T. Officer,37,2,2
Alec Merlino,24,San Clemente,CA,David vs. Goliath,10,5,4,9,28,9,Male,Bartender,37,NA,NA
Carl Boudreaux,41,Houston,TX,David vs. Goliath,9,5,1,6,30,6,Male,Truck Driver,37,NA,NA
Gabby Pascuzzi,25,Denver,CO,David vs. Goliath,8,6,2,8,32,2,Female,Technical Writer,37,NA,NA
Alison Raybould,28,Chapel Hill,NC,David vs. Goliath,5,6,3,9,37,18,Female,Physician,37,NA,NA
Angelina Keeley,28,San Clemente,CA,David vs. Goliath,3,5,3,8,39,6,Female,Financial Consultant,37,1,1
Christian Hubicki,32,Tallahassee,FL,David vs. Goliath,7,6,3,9,35,13,Male,Robotics Scientist,37,1,1
Davie Rickenbacker,30,Atlanta,GA,David vs. Goliath,6,5,5,10,36,0,Male,Social Media Manager,37,2,2
Kara Kay,30,San Diego,CA,David vs. Goliath,4,5,4,9,38,6,Female,Realtor,37,NA,NA
Mike White,47,Los Angeles,CA,David vs. Goliath,2,5,6,11,39,1,Male,Filmmaker,37,NA,NA
Nick Wilson,27,Williamsburg,KY,David vs. Goliath,1,5,6,11,39,0,Male,Public Defender,37,1,1
